{"cameraMode":{"drawMode":0,"name":"Shaded","section":"Shading Mode"},"sceneLighting":true,"audioPlay":false,"sceneViewState":{"showFog":true,"showMaterialUpdate":false,"showSkybox":true,"showFlares":true,"showImageEffects":true,"showParticleSystems":true},"in2DMode":false,"pivot":{"x":4.443490028381348,"y":3.2030184268951418,"z":16.078561782836915},"rotation":{"x":0.06148607283830643,"y":-0.09567403048276901,"z":0.0059210010804235939,"w":0.9934943318367004},"size":10.0,"orthographic":false}