{"cameraMode":{"drawMode":2,"name":"Shaded Wireframe","section":"Shading Mode"},"sceneLighting":true,"audioPlay":false,"sceneViewState":{"showFog":true,"showMaterialUpdate":false,"showSkybox":true,"showFlares":true,"showImageEffects":true,"showParticleSystems":true},"in2DMode":false,"pivot":{"x":746.0455322265625,"y":227.3966827392578,"z":491.9988708496094},"rotation":{"x":0.047679848968982699,"y":0.028587721288204194,"z":-0.001519209472462535,"w":0.9985484480857849},"size":458.094970703125,"orthographic":false}