{"cameraMode":{"drawMode":2,"name":"Shaded Wireframe","section":"Shading Mode"},"sceneLighting":true,"audioPlay":false,"sceneViewState":{"showFog":true,"showMaterialUpdate":false,"showSkybox":true,"showFlares":true,"showImageEffects":true,"showParticleSystems":true},"in2DMode":false,"pivot":{"x":8.90479564666748,"y":2.7509195804595949,"z":7.143063545227051},"rotation":{"x":-0.00706260884180665,"y":-0.9893719553947449,"z":0.13589423894882203,"w":-0.05140189081430435},"size":11.639571189880371,"orthographic":false}